{"loss": [2.596176938937448, 2.015867900970342, 1.8776433102005279, 1.8921432141452799, 1.6962252205899915, 1.5278001203561378, 1.4157745246692082, 1.3002068400382996, 1.2094684824004502, 1.1238811263038069, 1.057335096551939, 1.0005242080639696, 0.9316450204995587, 0.8129465046441159], "acc": [0.2954403772530958, 0.35501118930404446, 0.38966592071611256, 0.3683823529259323, 0.4326446611253197, 0.48909047314578, 0.526058983467424, 0.5601542518876702, 0.5913003516928924, 0.6232936380769286, 0.6494005755390353, 0.6737931585677749, 0.6888786764705882, 0.7292159527463986], "time": [120.39131474494934, 112.331369638443, 112.21966576576233, 112.58403944969177, 112.20120906829834, 112.20505881309509, 111.92333698272705, 112.05780744552612, 111.64414525032043, 111.68093776702881, 111.69515419006348, 111.8427255153656, 111.3844404220581, 111.71783685684204]}